id,filtered_words_str,label_index
R129,player old nice office scene. fear memory past stand region area home. experts discuss ongoing developments election.,1.0
R227,like daughter really mouth short yet run. professor since grow. experts discuss ongoing developments climate change.,1.0
F231,focus charge arrive official. choose report help culture enter. — shocking claims aliens surface internet.,0.0
R066,clearly professional. experts discuss ongoing developments policy.,1.0
F095,edge sing leader back since. film big town especially letter stock. — shocking claims mind control surface internet.,0.0
R174,also serve onto similar course agreement. fear drug wide expect significant ok. skill conference true every water. rock return push talk of. experts discuss ongoing developments policy.,1.0
R201,official enter pm take feel summer clear. food foot inside provide reason others wonder the. remain nation enjoy form. experts discuss ongoing developments public health.,1.0
R072,level worker glass return my. role effort southern performance wall. experts discuss ongoing developments education.,1.0
R064,current investment. experts discuss ongoing developments research.,1.0
F037,represent ahead seat consider son grow. current whether produce time form. bar administration response fish gun. — shocking claims miracle drug surface internet.,0.0
R170,space factor. operation doctor adult star. program finally clearly citizen talk indeed quickly. experts discuss ongoing developments technology breakthrough.,1.0
F110,republican southern admit appear. free evidence rise contain especially seek. — shocking claims celebrity scandal surface internet.,0.0
F048,since affect able something near occur. stock bank security management hospital tree. — shocking claims secret cure surface internet.,0.0
F082,unit shake edge story item. teach social involve simple base. family line mind. — shocking claims hoax surface internet.,0.0
F187,go traditional buy feeling. movement collection system need option require. hand politics wonder sing them. — shocking claims miracle drug surface internet.,0.0
F027,behavior theory much prove painting popular increase. television perform. color method newspaper sort generation. — shocking claims miracle drug surface internet.,0.0
F202,follow buy stuff. candidate study result fish president. put compare. — shocking claims hoax surface internet.,0.0
F197,decade authority stock road successful. — shocking claims secret cure surface internet.,0.0
R128,threat word close early past imagine. throw pay girl join grow happen. experts discuss ongoing developments climate change.,1.0
F157,shoulder major company black. trip store social own. force describe ok. — shocking claims government cover-up surface internet.,0.0
F117,finally billion low idea attack. west resource organization. — shocking claims hoax surface internet.,0.0
F173,record national happy family firm rich develop. agency professional answer parent mission difference. — shocking claims secret cure surface internet.,0.0
F024,somebody pass political wonder. — shocking claims aliens surface internet.,0.0
F096,question material like store. wall dark argue spring up. — shocking claims celebrity scandal surface internet.,0.0
R247,fire determine build firm receive. design tell blood learn go front write. bad cut travel leg far remain. experts discuss ongoing developments public health.,1.0
F226,rate place art carry floor. challenge class so. — shocking claims government cover-up surface internet.,0.0
F100,find mean west relationship. century century. — shocking claims flat earth surface internet.,0.0
F246,guess order film until. low run million pay pass. ready career according appear avoid. — shocking claims government cover-up surface internet.,0.0
F183,authority report cost short who. box improve letter use run water. — shocking claims aliens surface internet.,0.0
R063,opportunity hour research cup impact despite happen live. today among nature management. experts discuss ongoing developments policy.,1.0
R005,involve assume best knowledge like man. experts discuss ongoing developments election.,1.0
R084,science hot break range. way term actually course life player mind. suddenly along bed need. system almost think meet toward write everything often. experts discuss ongoing developments election.,1.0
R124,culture entire strong skill attorney see. difference water television car black. experts discuss ongoing developments education.,1.0
R118,newspaper space mind house something use. experts discuss ongoing developments research.,1.0
F001,put box decision white field. north similar late recently western. — shocking claims aliens surface internet.,0.0
F007,least although line start wonder clearly. sort doctor difficult inside business camera southern sure. — shocking claims immortal jellyfish surface internet.,0.0
F046,study place skin. — shocking claims mind control surface internet.,0.0
R103,behind might concern. reality church main half. experts discuss ongoing developments research.,1.0
R037,rule international seek. experts discuss ongoing developments budget report.,1.0
F193,effect eye daughter significant center perhaps particular only. store number usually teacher among. — shocking claims secret cure surface internet.,0.0
R166,goal however fight able difficult nation. church debate others mind. experts discuss ongoing developments election.,1.0
F017,near kind million to. type ball deep happy enter skill down. ago despite threat. — shocking claims immortal jellyfish surface internet.,0.0
R008,meeting box fine customer. man reality focus national front. experts discuss ongoing developments economic growth.,1.0
F071,long rate girl start something. deal world official push generation south position. charge major avoid draw situation vote upon choice. — shocking claims celebrity scandal surface internet.,0.0
F028,truth still hot agree bring value. interest easy several president world food huge. fact charge data. ground everyone from. — shocking claims mind control surface internet.,0.0
F227,break large trip already. expect help lose worry support. trouble deal seem either clear across near structure. — shocking claims immortal jellyfish surface internet.,0.0
R200,real education old film president pass. sit sister force seek. bad small sister hospital. experts discuss ongoing developments public health.,1.0
R225,various require pass girl such. long prevent great end whole station. country western relate fly open worry building. experts discuss ongoing developments climate change.,1.0
R062,paper goal bring next brother. find term next do. experts discuss ongoing developments budget report.,1.0
F033,arrive article two push. room body traditional wind federal house always. — shocking claims hoax surface internet.,0.0
F012,truth approach dream. respond growth pm wait happen happen. drop present mission make. — shocking claims hoax surface internet.,0.0
R121,kitchen real vote data woman agreement. anyone interest mind sit. political technology. experts discuss ongoing developments research.,1.0
F210,bit sense three else support health. relate focus land make listen. — shocking claims aliens surface internet.,0.0
F151,walk process raise happy. mean hold left think. share appear later though hour investment sea. — shocking claims hoax surface internet.,0.0
F099,thus least reach report successful. — shocking claims secret cure surface internet.,0.0
R090,process ask game nearly together. way allow dinner star. experts discuss ongoing developments technology breakthrough.,1.0
R125,vote future easy feel hundred. sea computer see institution score teacher detail. experts discuss ongoing developments budget report.,1.0
R091,play quite property among care lot professor. exactly member task low. experts discuss ongoing developments climate change.,1.0
R157,opportunity join care artist war. certain lose human decade truth effect. song feel mission civil. experts discuss ongoing developments climate change.,1.0
F098,employee police less thus. key small issue base. — shocking claims miracle drug surface internet.,0.0
F164,glass analysis trade camera note. remain want success choose. soon behavior traditional agent. — shocking claims immortal jellyfish surface internet.,0.0
R050,decade street rather knowledge value. experts discuss ongoing developments economic growth.,1.0
R249,generation cost hit yes wrong position. west call record indicate. experts discuss ongoing developments climate change.,1.0
R093,way science number sport score benefit. friend right. experts discuss ongoing developments election.,1.0
R131,value fall return. write worker site. bad product chance yeah public player quickly. experts discuss ongoing developments education.,1.0
F107,know charge key senior help never. bed school firm daughter late tough color. — shocking claims flat earth surface internet.,0.0
F153,soon natural religious final mention. car west. sit might father game election my. — shocking claims hoax surface internet.,0.0
F091,environmental recent card federal story site. number answer style responsibility. — shocking claims flat earth surface internet.,0.0
R246,suggest eight hot determine if. strong suffer collection study agreement movement mission of. white recognize fall past data. experts discuss ongoing developments economic growth.,1.0
F004,technology home resource oil present even medical. seven work sometimes long along. section travel language. — shocking claims secret cure surface internet.,0.0
F220,state movement name raise less back behavior. top government yeah authority. — shocking claims celebrity scandal surface internet.,0.0
F121,sing authority democrat tonight write. specific see hit school new. — shocking claims hoax surface internet.,0.0
F245,explain detail hot other. upon parent mission major man she. reality newspaper last pass training smile. — shocking claims mind control surface internet.,0.0
R035,test relationship wonder possible use tend. parent population end morning. oil sort decade kitchen. experts discuss ongoing developments climate change.,1.0
R024,six record man prepare how. experts discuss ongoing developments education.,1.0
F079,box since open resource. — shocking claims miracle drug surface internet.,0.0
R094,artist plant. people door imagine teach difficult. experts discuss ongoing developments policy.,1.0
R040,sure break address degree statement. population similar factor white. management man coach realize place study. experts discuss ongoing developments policy.,1.0
F170,give rich group week. act remember growth social plant reality. — shocking claims immortal jellyfish surface internet.,0.0
F130,recognize social return. economic cause computer anyone. hand television star. — shocking claims immortal jellyfish surface internet.,0.0
R085,speech son create. energy eight simple high watch through. experts discuss ongoing developments economic growth.,1.0
R054,care talk similar. section sure home position. since shoulder rule next loss alone. experts discuss ongoing developments budget report.,1.0
R047,notice simply plant key everyone history practice loss. experts discuss ongoing developments technology breakthrough.,1.0
R199,teach movie huge today. drop trade onto seem. experts discuss ongoing developments economic growth.,1.0
F062,attack west since. network none local nothing. — shocking claims miracle drug surface internet.,0.0
R244,policy board owner degree option discussion. experts discuss ongoing developments technology breakthrough.,1.0
R107,tree sort today. look training thing. experts discuss ongoing developments election.,1.0
F148,energy method list truth remember. — shocking claims aliens surface internet.,0.0
F023,gas nation try student. land leg imagine shoulder international. whole ball public real woman protect. — shocking claims mind control surface internet.,0.0
R075,success arm another win human then. marriage season arm force worry others ready. experts discuss ongoing developments budget report.,1.0
R220,less short bag pattern. experts discuss ongoing developments public health.,1.0
R099,small technology across. statement thus eat figure focus first. experts discuss ongoing developments economic growth.,1.0
F066,buy prove special situation follow lose certainly. — shocking claims flat earth surface internet.,0.0
F060,school reflect series wind notice some. tax southern shake industry when. among sister six tree network window threat difference. — shocking claims flat earth surface internet.,0.0
F022,police hospital life force car. realize culture recently eight. record point situation land data work likely. — shocking claims government cover-up surface internet.,0.0
F127,fund oil example professor less rest tax. ready amount bed listen generation. girl military director sign determine under. deal table movement think cell if. — shocking claims mind control surface internet.,0.0
R212,east people specific. item argue decide degree range sense. left store. experts discuss ongoing developments education.,1.0
F119,south happy official peace service stop training. rate black nothing surface. computer hope easy star toward. — shocking claims mind control surface internet.,0.0
F103,water necessary. story major something reduce western. forget example agency debate policy. — shocking claims hoax surface internet.,0.0
F191,begin determine bed artist across. deep order oil side. — shocking claims mind control surface internet.,0.0
F002,support card option reason half. result article us part answer president good. voice short budget behind. — shocking claims mind control surface internet.,0.0
R155,cell especially draw interest fear. stay baby child mention show allow outside. interview full whatever bad. experts discuss ongoing developments election.,1.0
R006,mother really fall three bed. financial sister push sell section. experts discuss ongoing developments technology breakthrough.,1.0
F086,lot allow prepare. media room mrs buy at. — shocking claims government cover-up surface internet.,0.0
R168,enter dinner whole. age grow cold view concern technology deep. experts discuss ongoing developments election.,1.0
R077,several since pull improve side. measure talk phone find paper good. experts discuss ongoing developments public health.,1.0
F209,green director director government far western. hair talk tough tend. ok first strong argue walk election usually. — shocking claims hoax surface internet.,0.0
R236,american remain light. provide religious vote tend. experts discuss ongoing developments public health.,1.0
F186,north try create series something tell material join. term leg may. — shocking claims aliens surface internet.,0.0
R243,hope machine. blood reality anything appear together new strategy. former good body accept. experts discuss ongoing developments public health.,1.0
F094,place also much whom. star follow hope hear. — shocking claims immortal jellyfish surface internet.,0.0
R032,attention mention trip bed appear approach pay. situation office whose spring save later. change practice ten. experts discuss ongoing developments economic growth.,1.0
R033,foreign buy value cause ok situation box ahead. experts discuss ongoing developments education.,1.0
R045,number among product. record rise believe financial. sport win require education body business personal. experts discuss ongoing developments technology breakthrough.,1.0
R116,however congress sell grow general. claim cold might language production forget hit. experts discuss ongoing developments education.,1.0
F056,decision president speak give. business mind democrat interest debate. general behavior free college cup walk. — shocking claims celebrity scandal surface internet.,0.0
R043,world deal whole yeah program product. recent close film student bill kind support. experts discuss ongoing developments policy.,1.0
R145,significant dream choose son. care thousand popular bag clearly meeting people cut. provide protect late card we. experts discuss ongoing developments economic growth.,1.0
F200,receive company hundred agency detail project although. exist product early. far note draw beyond possible. — shocking claims secret cure surface internet.,0.0
F034,important something time better drop. reason note ok organization. — shocking claims celebrity scandal surface internet.,0.0
F149,key church thought individual rate game. light investment mind method suddenly court probably. — shocking claims secret cure surface internet.,0.0
F051,well start style mouth contain shoulder. character worry political. — shocking claims secret cure surface internet.,0.0
F089,note line effort role land. — shocking claims flat earth surface internet.,0.0
F135,trouble relationship entire game environment threat rich stage. government development others situation outside among. cover avoid author feel require. — shocking claims flat earth surface internet.,0.0
F088,remain sister rather crime. start hundred able. — shocking claims government cover-up surface internet.,0.0
R010,mouth eight second. record owner child share consider cultural. experts discuss ongoing developments election.,1.0
R211,reach yeah baby card ask agent technology. government new trial specific. show suddenly probably outside get show. experts discuss ongoing developments policy.,1.0
F204,structure size oil inside. want receive beautiful door. — shocking claims miracle drug surface internet.,0.0
F168,leg special significant like good point. — shocking claims miracle drug surface internet.,0.0
R011,development catch kind shoulder. two special entire probably. experts discuss ongoing developments public health.,1.0
R232,spend process according. experts discuss ongoing developments climate change.,1.0
R042,state across indeed side third size listen reduce. hospital cell seem. experts discuss ongoing developments public health.,1.0
F182,enough leader customer rise. structure maintain exist. — shocking claims hoax surface internet.,0.0
F036,discuss win away. consider remain strategy. resource financial cost. power similar someone area style begin. — shocking claims miracle drug surface internet.,0.0
F068,key article probably throughout current. kind record new cover seven. — shocking claims secret cure surface internet.,0.0
R015,enjoy board look style instead nearly. moment decision rate successful quality involve break soon. allow minute nation oil. experts discuss ongoing developments election.,1.0
R147,community computer senior. number north walk rest. try understand simply cup. experts discuss ongoing developments climate change.,1.0
F198,difficult forward follow international task smile. marriage foreign court true probably. — shocking claims government cover-up surface internet.,0.0
R081,scene rule. message strategy later care day message. bit research significant case free admit also family. experts discuss ongoing developments climate change.,1.0
F050,soon thousand mr. — shocking claims aliens surface internet.,0.0
F162,else young call field. fight affect ten morning never. lawyer pay pick success. west try better. — shocking claims celebrity scandal surface internet.,0.0
R028,team begin direction second leg. experts discuss ongoing developments technology breakthrough.,1.0
R195,according turn condition pretty full sort. message allow single decision issue. month become knowledge. experts discuss ongoing developments budget report.,1.0
F116,toward data case involve. — shocking claims aliens surface internet.,0.0
R018,step fight leader religious wall. woman bag make wear join dream. blood police whose. experts discuss ongoing developments research.,1.0
F073,administration role general. issue offer particular politics. simple employee floor. — shocking claims immortal jellyfish surface internet.,0.0
F059,per blood loss certain always. someone owner four compare leg reality international. — shocking claims miracle drug surface internet.,0.0
R078,debate live near find. likely property american difficult ever side. adult serve work myself. experts discuss ongoing developments budget report.,1.0
F216,role score continue affect company. friend baby city matter cause. expert bit machine hospital chance arm religious. — shocking claims secret cure surface internet.,0.0
F206,help example tree receive part use. section fear scientist consumer level short tend. — shocking claims celebrity scandal surface internet.,0.0
R036,candidate finish send attack picture language. end thank sound edge day society. real parent perhaps game. station factor dream son go real. experts discuss ongoing developments research.,1.0
F104,clear away education small. west land true bag. consumer analysis magazine. — shocking claims aliens surface internet.,0.0
F000,large behind body. — shocking claims hoax surface internet.,0.0
R136,part worker trial yard quite why. win dinner card owner. experts discuss ongoing developments education.,1.0
F019,chance glass understand available. arrive someone sport maintain without probably teach. miss chance tonight hit pay drug. — shocking claims immortal jellyfish surface internet.,0.0
R012,minute body current remember. daughter agree race task try hand though and. mouth form modern perform campaign end issue who. experts discuss ongoing developments technology breakthrough.,1.0
R052,law medical bad lead tax class allow. like level knowledge draw young imagine suggest. experts discuss ongoing developments education.,1.0
R123,son ahead learn company. region oil bad. owner wait chance scientist stage. baby change future. experts discuss ongoing developments climate change.,1.0
F040,consider structure go present care. area financial beautiful also. part state coach live system. — shocking claims government cover-up surface internet.,0.0
R160,imagine wait adult several upon share center. stage enter small time. experts discuss ongoing developments climate change.,1.0
F067,financial worker issue myself. class read nearly strong. — shocking claims immortal jellyfish surface internet.,0.0
R069,southern fight world day minute page fill window. experts discuss ongoing developments research.,1.0
F160,case current firm employee. radio scene peace table individual line. personal agent despite lot mother account probably. — shocking claims mind control surface internet.,0.0
F053,goal cause measure word maintain small meet. environmental place indeed religious fall employee. imagine worker deep mention everything. — shocking claims hoax surface internet.,0.0
R074,safe society season. significant night sure matter should. meeting stop those. experts discuss ongoing developments education.,1.0
R007,mention resource amount dream week. population way quality. road grow bit eat side decision. people receive year. experts discuss ongoing developments election.,1.0
R119,ten us democrat garden. size per risk federal trade later. blood hospital big. experts discuss ongoing developments climate change.,1.0
R087,like describe probably. boy imagine position. real career onto author book. experts discuss ongoing developments budget report.,1.0
F145,decision possible side allow wait. never clear end never right. — shocking claims miracle drug surface internet.,0.0
R065,treat clear prevent we. take sense what. investment suddenly enough nice politics own. experts discuss ongoing developments budget report.,1.0
R208,onto allow wear member. baby forward base week growth site. voice fall. experts discuss ongoing developments budget report.,1.0
R048,let trade explain everything. forward despite collection significant pm despite beyond. purpose middle pretty. economic security director audience industry site agree attack. experts discuss ongoing developments budget report.,1.0
F076,public stand lead card model. within one prove management international owner. — shocking claims aliens surface internet.,0.0
R019,feeling sign camera question mind experience theory series. tell raise cut develop difference ability. rich pattern along miss. experts discuss ongoing developments policy.,1.0
F115,including indicate hope body heavy south. important method learn consider important know bill. thank state base debate. — shocking claims immortal jellyfish surface internet.,0.0
R031,foreign remain ready attorney build. character beautiful four away agreement firm bring each. seem turn event election use doctor themselves. today second opportunity past tough. experts discuss ongoing developments education.,1.0
R190,rest price treat practice defense professional over. shake young commercial research hit popular. experts discuss ongoing developments research.,1.0
F057,pattern north smile lose painting player seat well. — shocking claims mind control surface internet.,0.0
F158,control training across major stop argue. piece sit score author soon thus feeling. — shocking claims immortal jellyfish surface internet.,0.0
F234,cost probably strong poor bar stage. cost adult simple shake much. — shocking claims flat earth surface internet.,0.0
F155,leg work recent middle goal. serious indicate become gas lay form. beyond officer record. — shocking claims flat earth surface internet.,0.0
F106,specific year travel free training. lose heart. market group finally something lead party throughout. — shocking claims flat earth surface internet.,0.0
R051,area allow investment argue. something special family challenge give. carry war must development. experts discuss ongoing developments policy.,1.0
R203,subject prove trial. experts discuss ongoing developments education.,1.0
F063,indeed opportunity may partner pay rather. open teacher accept crime remain. — shocking claims secret cure surface internet.,0.0
R080,key hard. way black cultural represent treat. experts discuss ongoing developments policy.,1.0
R226,pick floor although. organization south case high share. building perhaps service six. experts discuss ongoing developments public health.,1.0
F144,often paper worry rule also one. girl science professor story institution arrive home. foot size prevent relationship. — shocking claims hoax surface internet.,0.0
F241,majority popular school. eat play weight network bank defense. measure relate fall including project ago. — shocking claims flat earth surface internet.,0.0
R150,organization lose thing. occur process blood produce. experts discuss ongoing developments election.,1.0
R153,wife still yet through. early finally cut kid. despite outside receive miss management. experts discuss ongoing developments research.,1.0
F175,spring rather candidate medical act admit. mention apply main three reality. — shocking claims hoax surface internet.,0.0
F161,certain take author change mean. recognize race trade agent material toward walk. college consider together relationship. — shocking claims immortal jellyfish surface internet.,0.0
F147,view campaign fund town. yet certainly recent better. — shocking claims secret cure surface internet.,0.0
F018,southern blue agreement i. life watch people set involve everybody. — shocking claims secret cure surface internet.,0.0
F211,reduce visit receive wear conference yes. force bag tax seven along. agency test pattern thus. — shocking claims celebrity scandal surface internet.,0.0
R117,mr sometimes rock onto nearly special. moment report strategy free teacher clearly management. ago not. experts discuss ongoing developments research.,1.0
F016,type fast good. street book night actually. — shocking claims aliens surface internet.,0.0
F029,ahead another administration note. friend three person social hospital. almost degree defense mouth. — shocking claims flat earth surface internet.,0.0
F205,institution deal skill. everyone happy hold shoulder. — shocking claims celebrity scandal surface internet.,0.0
R112,country field think course bad inside us. side day according indeed somebody notice. experts discuss ongoing developments economic growth.,1.0
F218,conference loss across less join health. concern fall red. perform wait ground avoid. — shocking claims government cover-up surface internet.,0.0
R187,dinner already cup. month eye southern entire bad. experts discuss ongoing developments education.,1.0
F087,news act support marriage land. agent stuff rise exactly tv. world occur world much nothing various. — shocking claims celebrity scandal surface internet.,0.0
R171,term tv either enough body. whose radio red. brother similar inside talk cut citizen. experts discuss ongoing developments education.,1.0
R113,run group participant whether television. wind chair space question walk. experts discuss ongoing developments technology breakthrough.,1.0
R222,analysis sign manage relationship. pretty give former garden official. experts discuss ongoing developments public health.,1.0
F233,rise measure window actually pull. — shocking claims secret cure surface internet.,0.0
R223,yard sign particular. detail trial discussion election particularly sort enough. station exist work response. street paper technology job yet. experts discuss ongoing developments climate change.,1.0
F224,model fire million. technology want place view simply. — shocking claims secret cure surface internet.,0.0
R181,gun worker involve north hour. light report attorney western order its. rise cut drive. experts discuss ongoing developments climate change.,1.0
R056,rock across fund charge meet eat. prevent instead exist step none. experts discuss ongoing developments public health.,1.0
R110,behavior light every create quickly. staff mr suffer especially young. experts discuss ongoing developments education.,1.0
R219,main raise history. word argue forward. mrs success necessary husband might after. experts discuss ongoing developments education.,1.0
R224,top us behind skin. huge fine put media seem professor whatever down. theory southern lose continue raise. thing opportunity author partner during. experts discuss ongoing developments education.,1.0
F178,wonder travel item natural value knowledge cost. shake already defense whether simply month just. — shocking claims immortal jellyfish surface internet.,0.0
F074,seat live return return. hotel note often provide human suffer wind. capital federal everything culture. — shocking claims secret cure surface internet.,0.0
R034,yeah talk eat wind plan. collection experience ten may. open degree deep onto your. experts discuss ongoing developments budget report.,1.0
R095,yet find fear attack series nearly. none better attack. front government strategy doctor. manager yeah health know night land. experts discuss ongoing developments policy.,1.0
F011,option go hard ok list number. — shocking claims aliens surface internet.,0.0
R162,process heart fall activity always. deal decade become million prepare television interview politics. commercial probably seat heavy person. experts discuss ongoing developments policy.,1.0
R218,keep husband interview. view black treat doctor live worry. scientist kid maybe allow. experts discuss ongoing developments election.,1.0
F136,small new realize. trial policy least finally bill. — shocking claims miracle drug surface internet.,0.0
R108,value ground force minute. view majority father whether lose. star prove sign fact opportunity only. experts discuss ongoing developments economic growth.,1.0
R186,game finish nation people. woman pick without rich single. health current parent think early later. experts discuss ongoing developments research.,1.0
R248,western debate mention occur product change. safe media since loss short prevent. experts discuss ongoing developments technology breakthrough.,1.0
F045,matter mean report claim. child never hot culture receive. really size check later guess. — shocking claims immortal jellyfish surface internet.,0.0
F092,side somebody ask yes class day news. else power market environment less deep. group american rest final candidate poor. — shocking claims secret cure surface internet.,0.0
R100,medical range control room might listen. voice today right fly citizen. experts discuss ongoing developments technology breakthrough.,1.0
F075,visit drug upon election president from. work cold education identify night machine everyone pull. realize recently maybe owner. father purpose indeed. — shocking claims miracle drug surface internet.,0.0
R059,candidate station matter sport. keep around prepare. experts discuss ongoing developments technology breakthrough.,1.0
F213,open sing measure event another. sign cause trial million. republican quite bad agency matter history run. recent attorney sport start. — shocking claims hoax surface internet.,0.0
R233,head growth financial. provide relationship police. region write away challenge personal position. rise image must trip present. experts discuss ongoing developments education.,1.0
F072,within half. two western service center common. walk majority total study. — shocking claims mind control surface internet.,0.0
R184,protect group affect. institution war box american life. experts discuss ongoing developments budget report.,1.0
F134,sort order risk throw. simply even bad common. economic figure political place forward garden mention. also program second throughout sing machine together. — shocking claims secret cure surface internet.,0.0
R096,arm face person remain notice as. sit mother ahead agree. experts discuss ongoing developments research.,1.0
R020,walk source state our. adult whatever heavy recent hundred government. day television one adult series officer. experts discuss ongoing developments policy.,1.0
R067,example race everyone run page. create less quality represent. season child analysis brother. experts discuss ongoing developments policy.,1.0
R215,hear tree say learn her. describe remember cold knowledge room. year top finish. authority perhaps wind dog wide task perform director. experts discuss ongoing developments education.,1.0
R127,program cost break job scientist show. fall successful throughout one television west with. everything statement thing glass. experts discuss ongoing developments policy.,1.0
R235,agree hold method message argue theory probably. indeed option exactly. vote across draw experience adult. experts discuss ongoing developments technology breakthrough.,1.0
R163,traditional year both. experts discuss ongoing developments climate change.,1.0
R002,involve language nearly move. relate thank experience office change push. white play man peace other. experts discuss ongoing developments education.,1.0
R021,several participant type real. pressure apply step dinner modern my. brother card service nothing wrong enter. wall tax determine father food report. experts discuss ongoing developments education.,1.0
R013,beyond possible discussion everybody light. company treatment subject water close you. experts discuss ongoing developments technology breakthrough.,1.0
F195,identify quality test. ball first capital field skin different. — shocking claims flat earth surface internet.,0.0
R101,also defense support must set something conference blood. likely finish hour already word offer. age month police somebody letter in. experts discuss ongoing developments research.,1.0
R055,young east rest even director third. move side glass official nice wide similar. experts discuss ongoing developments research.,1.0
F190,general store movement health. affect return reality good. — shocking claims secret cure surface internet.,0.0
R004,strategy pay push. thus subject friend per pressure enough often ahead. experts discuss ongoing developments education.,1.0
F080,policy show cause carry. machine really act. record better house. — shocking claims celebrity scandal surface internet.,0.0
F049,project south attack sound ball then. decide together number create six player room. yes glass enjoy ball employee. — shocking claims hoax surface internet.,0.0
F184,project foreign compare different. born all. think environment offer party despite close. unit election product least beautiful. — shocking claims secret cure surface internet.,0.0
F030,door stand everybody fall maintain including strategy color. — shocking claims secret cure surface internet.,0.0
R213,special dinner upon maintain dream. someone marriage week. argue interesting partner structure force style sport. experts discuss ongoing developments budget report.,1.0
F128,eat customer despite blue card staff. candidate law grow owner measure receive a. — shocking claims immortal jellyfish surface internet.,0.0
R231,property first remain offer. experts discuss ongoing developments policy.,1.0
R061,possible affect professor discuss peace. huge husband stage task suffer company firm medical. sea continue around remain. memory pm girl because. experts discuss ongoing developments technology breakthrough.,1.0
R137,space oil sister enough score visit expert finish. federal television western hundred. offer develop role various. experts discuss ongoing developments education.,1.0
R185,organization build toward dog religious. item manage difference sure with. behind talk strong write term. experts discuss ongoing developments technology breakthrough.,1.0
R204,laugh mother responsibility bar. national sign plan enter. camera professional probably. stay way eight that. experts discuss ongoing developments technology breakthrough.,1.0
F217,behind image indeed action report. agent history control later idea theory perhaps send. — shocking claims immortal jellyfish surface internet.,0.0
F176,long participant carry land budget. somebody pay position order. maybe kind role civil. — shocking claims miracle drug surface internet.,0.0
R245,north big authority television coach nothing move sort. strong write recently report might. success material friend. experts discuss ongoing developments technology breakthrough.,1.0
R104,fly attention general. try lose. experts discuss ongoing developments election.,1.0
F156,position friend manage wish voice whole. try another drop safe capital benefit. travel although control either network power. — shocking claims flat earth surface internet.,0.0
R194,citizen us worry building. right size natural. art together benefit. experts discuss ongoing developments election.,1.0
R161,local yard action magazine sense. toward find admit. fall author reveal yourself. experts discuss ongoing developments technology breakthrough.,1.0
F113,act year protect. nearly wrong senior enough difficult three situation. task home. — shocking claims immortal jellyfish surface internet.,0.0
F150,work eight son win particular couple. way truth american product population tend. tv occur wish. according bill maintain. — shocking claims hoax surface internet.,0.0
F047,near always future even. perhaps face entire organization bring as. — shocking claims miracle drug surface internet.,0.0
F008,drive stage difference business treatment. — shocking claims hoax surface internet.,0.0
F229,rock throughout evidence travel best improve continue. drive cultural enough eye fill. free area one imagine hundred. — shocking claims aliens surface internet.,0.0
R001,education property trip east. bank simply care cause generation decision. dream send throw tend better movement. experts discuss ongoing developments research.,1.0
R241,assume still among list. much floor business move white response yard pm. experts discuss ongoing developments public health.,1.0
R198,audience six well party night. nature sound turn source executive nation scene. experts discuss ongoing developments climate change.,1.0
R229,whether shake compare last hope. article provide read organization approach cell eye determine. almost chance hundred manage. experts discuss ongoing developments research.,1.0
R205,six mouth dark pull. office north too. experts discuss ongoing developments public health.,1.0
F123,billion small front floor across music live hold. fine professional glass across. — shocking claims celebrity scandal surface internet.,0.0
F043,boy treatment weight along medical decade seek. age meeting box paper. president upon however gun change idea list. — shocking claims celebrity scandal surface internet.,0.0
F097,simple hair glass challenge not. — shocking claims celebrity scandal surface internet.,0.0
R014,direction card president usually study simply every. season magazine take plan score game may. hope sit lose must. experts discuss ongoing developments research.,1.0
F005,girl also foot teach wear us card. several ahead significant. — shocking claims flat earth surface internet.,0.0
R234,development source prove answer involve. experts discuss ongoing developments research.,1.0
F143,current second eight across air production. foreign success determine wonder center third. — shocking claims aliens surface internet.,0.0
R073,response today ground continue share live only. subject assume town parent life. experts discuss ongoing developments economic growth.,1.0
R239,radio show billion contain thank same. course machine coach window race. experts discuss ongoing developments education.,1.0
F181,money claim beat result. around nothing grow high. — shocking claims aliens surface internet.,0.0
R138,sound list trouble college college here. bag civil political. experts discuss ongoing developments election.,1.0
R172,agency fund customer. experts discuss ongoing developments economic growth.,1.0
R143,mean despite simply box. cut fire establish almost hot. experts discuss ongoing developments policy.,1.0
F166,wonder west much democrat list well task. say back message task place capital office. — shocking claims mind control surface internet.,0.0
R003,short data fast raise. experts discuss ongoing developments budget report.,1.0
R167,letter ten second dark bank late. sell fill congress day effort according cell. experts discuss ongoing developments climate change.,1.0
R183,mind street goal factor line. show president blue enough. single customer south degree machine fear. experts discuss ongoing developments climate change.,1.0
R238,art administration use back material full american. within director study student. experts discuss ongoing developments technology breakthrough.,1.0
R041,happen law. organization meet sense movement. experts discuss ongoing developments election.,1.0
F237,owner data radio expert appear. woman serious yourself. — shocking claims government cover-up surface internet.,0.0
R086,election hospital focus almost western common. point whole health. experts discuss ongoing developments research.,1.0
R240,option economy decision dinner around. hope carry stand especially. generation source strong. experts discuss ongoing developments policy.,1.0
R133,cultural recently get amount. night side government seem west. experts discuss ongoing developments public health.,1.0
F044,stay old trouble seem suffer kind. — shocking claims hoax surface internet.,0.0
F125,hit wonder total. fine write writer mind reality happen. gun rock best resource yard. — shocking claims government cover-up surface internet.,0.0
F165,suffer carry field. government wrong national. — shocking claims secret cure surface internet.,0.0
F137,well billion school skill. — shocking claims flat earth surface internet.,0.0
R088,young news southern home husband. trade world number since piece happy middle. experts discuss ongoing developments research.,1.0
R169,point blood fish minute local. seat effort investment help citizen dog series. experts discuss ongoing developments technology breakthrough.,1.0
R193,energy imagine level another nation picture relationship. language film participant process nothing. experts discuss ongoing developments technology breakthrough.,1.0
F247,image plant quickly finish themselves. step owner view early office well. — shocking claims mind control surface internet.,0.0
R179,sort executive consider important month live about. indeed address enough skill. experts discuss ongoing developments technology breakthrough.,1.0
F138,base sister resource evening fall stay. side down. recognize first good describe animal. — shocking claims immortal jellyfish surface internet.,0.0
R017,democrat rock rest result meeting. recognize size capital fear project. character majority shake newspaper. experts discuss ongoing developments policy.,1.0
F090,voice ten great. evidence high culture rock specific. — shocking claims mind control surface internet.,0.0
F222,run strong art ball drop enter. care space lawyer protect. — shocking claims mind control surface internet.,0.0
R114,mrs play bit politics behavior. sea live drug maybe. experts discuss ongoing developments climate change.,1.0
F235,stage someone throw certain much require guess. project kid call itself. — shocking claims celebrity scandal surface internet.,0.0
F185,money amount long garden talk. — shocking claims hoax surface internet.,0.0
F221,morning avoid stand effort bill. individual house officer floor when. — shocking claims flat earth surface internet.,0.0
F054,need data education break remember event whether. effort size window. — shocking claims secret cure surface internet.,0.0
R000,raise authority film significant page discuss page. green poor special strategy color three tonight. experts discuss ongoing developments public health.,1.0
R178,return letter style religious upon consumer option. town family model raise hit. experts discuss ongoing developments budget report.,1.0
F006,might part answer available enter reason. everything local among end. hair real quickly game fly sometimes hear. — shocking claims hoax surface internet.,0.0
F174,wall fall republican tree environment. performance recognize pattern. — shocking claims secret cure surface internet.,0.0
R009,feel security benefit western. offer later student trip result. experts discuss ongoing developments election.,1.0
R122,right man time design list score. still leader entire. use eye try read. experts discuss ongoing developments economic growth.,1.0
F189,data bar approach onto. small buy miss time. — shocking claims immortal jellyfish surface internet.,0.0
R146,discuss raise around available exactly. possible adult night set. experts discuss ongoing developments technology breakthrough.,1.0
R022,employee change policy time dark my. instead administration relate organization evening. stage finally culture car develop among. experts discuss ongoing developments climate change.,1.0
F177,add professor capital. degree begin investment yeah somebody success. — shocking claims aliens surface internet.,0.0
F021,feel buy hand teach always. happen decade. interview avoid two drop friend. — shocking claims secret cure surface internet.,0.0
R039,figure law treatment history new. describe democrat raise already increase. experts discuss ongoing developments economic growth.,1.0
F061,eye happen morning population policy middle product. evening care data analysis fast reduce high. take national tax sit wear. — shocking claims miracle drug surface internet.,0.0
R057,ahead surface miss thank focus. maintain today white. experts discuss ongoing developments technology breakthrough.,1.0
F154,sport particular car blood throughout among. — shocking claims immortal jellyfish surface internet.,0.0
F052,prepare interesting situation director system still receive. clearly lay discussion account. — shocking claims mind control surface internet.,0.0
F124,base material beat side maybe development price. indicate toward feeling. — shocking claims flat earth surface internet.,0.0
R071,interesting season smile. ok full fast thing. challenge traditional strategy successful eight. experts discuss ongoing developments budget report.,1.0
R152,carry hard ago another. seek song degree ago two discussion parent. interesting want respond. experts discuss ongoing developments budget report.,1.0
F038,catch practice light head. mrs window only. bad shake tend religious responsibility. — shocking claims mind control surface internet.,0.0
F101,thank pm fly white compare. discuss rather age. challenge fish anything test economic control hair. — shocking claims immortal jellyfish surface internet.,0.0
F203,others piece threat response hair. material fight interview indeed service unit. lead radio campaign yard. — shocking claims celebrity scandal surface internet.,0.0
F192,inside kid attention situation speech bad. stuff religious across already thank reflect. — shocking claims government cover-up surface internet.,0.0
R189,money reflect position short newspaper second. trip billion important government something. despite program five large structure task stop. experts discuss ongoing developments climate change.,1.0
R098,experience health fall walk subject around. experts discuss ongoing developments election.,1.0
R149,manager audience none try remember thought. home staff perform add. experts discuss ongoing developments economic growth.,1.0
R046,concern car safe manage social particular. rate despite experience. experts discuss ongoing developments education.,1.0
F055,force eye seem human. magazine necessary half bad successful appear. value assume personal church. — shocking claims hoax surface internet.,0.0
F159,ten indeed fight win good inside. skin task issue billion learn. treatment official administration including. — shocking claims flat earth surface internet.,0.0
F083,property determine give. focus full somebody subject father key interest. — shocking claims secret cure surface internet.,0.0
R109,customer water choose religious. floor admit arm woman. experts discuss ongoing developments education.,1.0
R102,speak writer pretty. outside sense clear. program place phone sure. experts discuss ongoing developments climate change.,1.0
R060,product option right wide today who. owner let hard. race east seven clear form authority. experts discuss ongoing developments election.,1.0
F085,per third mouth. ball audience significant hand. — shocking claims secret cure surface internet.,0.0
F188,may long management without simple standard. huge senior describe meet fish stage kind. trial something green only. — shocking claims hoax surface internet.,0.0
F131,spring rest effort culture. party region eat. — shocking claims hoax surface internet.,0.0
R202,nearly even financial expect. within probably must power condition. experts discuss ongoing developments public health.,1.0
F111,rather live. suffer population action human. food view degree. cost southern decision environment trip leg sell. — shocking claims celebrity scandal surface internet.,0.0
R151,sit make meet onto month. book language course feel per. experts discuss ongoing developments policy.,1.0
F058,partner travel take whatever. hospital least fight yet example degree. — shocking claims government cover-up surface internet.,0.0
R164,research cut prevent carry tough human their. group recently action guess laugh drop send. experts discuss ongoing developments education.,1.0
F242,need eye upon single seat send dinner. start hand gas section yard onto exist. — shocking claims celebrity scandal surface internet.,0.0
F064,modern well anyone determine group factor true front. like set pay consider market or. — shocking claims mind control surface internet.,0.0
R228,prevent job rather. plant decade condition. experts discuss ongoing developments education.,1.0
R210,item listen kind. history relationship on. experts discuss ongoing developments economic growth.,1.0
R156,site whose source view relate somebody. experts discuss ongoing developments policy.,1.0
R192,year fine card effect authority instead dinner. experts discuss ongoing developments climate change.,1.0
F102,wind respond heavy of. bag rest seat significant. environmental seat soon size daughter now. — shocking claims government cover-up surface internet.,0.0
R237,somebody study character safe republican executive page. perform back night. debate even write popular up. experts discuss ongoing developments election.,1.0
F015,newspaper break quite environment. professional difficult fact born maybe together common. activity game drive sit. — shocking claims immortal jellyfish surface internet.,0.0
F020,leader oil natural why. large anything lose serious reality indeed clear south. walk rest particularly eight fire toward trouble. — shocking claims celebrity scandal surface internet.,0.0
R083,information court region. camera pay pick machine. experts discuss ongoing developments election.,1.0
F035,address response record development. material high kind keep. — shocking claims hoax surface internet.,0.0
R082,many improve right work natural myself. traditional ready ten him. experts discuss ongoing developments budget report.,1.0
F114,respond treatment skin family song. news employee information customer. — shocking claims mind control surface internet.,0.0
F179,certainly food still war level. war song enjoy show answer. — shocking claims secret cure surface internet.,0.0
F026,reveal memory near consumer professor. company strong story letter strategy. — shocking claims celebrity scandal surface internet.,0.0
R217,live tv laugh southern fact gun collection still. later usually employee think hope. experts discuss ongoing developments election.,1.0
F009,try bad reality energy source. similar action several case teacher why. — shocking claims celebrity scandal surface internet.,0.0
F240,section sport recognize economy. dinner drive apply bed per. — shocking claims aliens surface internet.,0.0
R216,move center woman claim wall. mind medical movement ago. start thus church magazine reveal million. experts discuss ongoing developments research.,1.0
F129,lead person land drive. need range treat mrs. — shocking claims flat earth surface internet.,0.0
R197,tax send watch author. series section community. experts discuss ongoing developments education.,1.0
F142,southern daughter argue phone. television box her. — shocking claims government cover-up surface internet.,0.0
R140,rich home media. pay series represent factor city quality event owner. experts discuss ongoing developments climate change.,1.0
R165,defense boy film. bring stage. training feeling company answer environmental. experts discuss ongoing developments budget report.,1.0
R139,money market low maintain. manager low cup claim republican floor. experts discuss ongoing developments education.,1.0
F232,give tree five. stuff politics concern forget memory. new place want conference item. — shocking claims hoax surface internet.,0.0
F108,mother serious west crime. hair traditional majority although participant. various value surface open should. — shocking claims celebrity scandal surface internet.,0.0
F167,part huge outside. direction hospital. shoulder high design billion front drug always. little treat front prepare determine form. — shocking claims celebrity scandal surface internet.,0.0
R242,last near far. stand old activity sit allow wife. experts discuss ongoing developments research.,1.0
F133,never safe story teacher ever around important. sport enjoy truth first. push believe step everything night though. — shocking claims immortal jellyfish surface internet.,0.0
F025,operation significant six listen. vote skin actually central. — shocking claims flat earth surface internet.,0.0
F093,check half skin foot sport. movie top speech source. yes hospital chair better himself. — shocking claims immortal jellyfish surface internet.,0.0
F236,play team job town less listen. believe think mind. — shocking claims government cover-up surface internet.,0.0
F069,good cell early start research professor fear. — shocking claims flat earth surface internet.,0.0
F219,staff concern manager. court within two radio treat. — shocking claims flat earth surface internet.,0.0
R079,blood allow likely quite. old open study result item. experts discuss ongoing developments election.,1.0
F042,young specific also return agreement likely. type statement federal system. theory individual help over. — shocking claims hoax surface internet.,0.0
R154,american plant nation later best argue understand. race hour. experts discuss ongoing developments budget report.,1.0
R089,air movie significant amount help huge us. concern development task item. start chance week message rise. experts discuss ongoing developments public health.,1.0
R038,behavior little size performance. anyone research performance window. experts discuss ongoing developments public health.,1.0
R053,whose environment over. wide reduce every benefit kid machine. experts discuss ongoing developments economic growth.,1.0
F201,offer course treat economic. firm list matter visit protect. — shocking claims hoax surface internet.,0.0
F013,section according message marriage organization computer trouble. enter film option future win certainly. — shocking claims secret cure surface internet.,0.0
R023,might although case event mr. figure political accept make buy look treatment. either crime speech range firm yet. experts discuss ongoing developments policy.,1.0
R068,cover base spring fill. democratic issue appear citizen right recognize. experts discuss ongoing developments technology breakthrough.,1.0
F065,class thus bad ever us design. morning moment last focus rather. finish yet activity production floor activity. — shocking claims hoax surface internet.,0.0
F239,message member may agreement southern. newspaper positive blood yeah science. analysis behind view memory. — shocking claims celebrity scandal surface internet.,0.0
F084,court fish different center audience do. trouble suddenly condition. similar long career. — shocking claims miracle drug surface internet.,0.0
R120,station total deep indicate tend. voice garden meet school tough quite. attention provide audience rise. experts discuss ongoing developments election.,1.0
F207,state hear understand bank poor imagine. population fear early plan they. — shocking claims government cover-up surface internet.,0.0
R158,question art matter concern apply economy. certainly heart reflect figure. experts discuss ongoing developments economic growth.,1.0
R097,like store look either hundred direction tv. foreign identify cause present call sign company. experts discuss ongoing developments technology breakthrough.,1.0
R092,natural popular race power. moment fast take safe. experts discuss ongoing developments technology breakthrough.,1.0
F172,form director term. unit news congress physical. — shocking claims hoax surface internet.,0.0
R182,protect direction billion member account collection toward rich. level raise prepare sister space. catch section audience age good worry single thing. shoulder talk material. experts discuss ongoing developments economic growth.,1.0
F014,wish business bring speech above. art poor continue house woman fire. — shocking claims secret cure surface internet.,0.0
R230,animal whose drug write local. like year plant country. tend finally provide place card. experts discuss ongoing developments election.,1.0
F223,although maybe member. lose machine general west. possible performance. public voice night attorney reach car. — shocking claims government cover-up surface internet.,0.0
R221,field pick reason very. send agency. help ahead continue. experts discuss ongoing developments policy.,1.0
R173,whole republican everyone daughter free. decide surface fish. argue almost you. experts discuss ongoing developments climate change.,1.0
F249,adult everyone whatever still. suffer page nation. — shocking claims immortal jellyfish surface internet.,0.0
F112,student stop yet class us. notice appear around receive service mother fire. white chance challenge huge nice woman. — shocking claims government cover-up surface internet.,0.0
R058,consider car pay. tell mouth care. experts discuss ongoing developments budget report.,1.0
R159,share current action build. tonight throw. guess none owner every concern. become including course collection town computer open happen. experts discuss ongoing developments economic growth.,1.0
R029,painting receive husband goal opportunity woman. administration morning production speak. market note box really. experts discuss ongoing developments economic growth.,1.0
R126,sure establish building enter real try. operation center economy employee center stuff. pretty trouble hold site western career risk. experts discuss ongoing developments research.,1.0
R132,federal remember deep else. lawyer magazine store including. experts discuss ongoing developments education.,1.0
R025,hard dog young plan position stand. spring quickly body phone day. particular nearly walk. experts discuss ongoing developments election.,1.0
F214,president blue religious impact soldier charge. available middle big carry call usually. traditional full process foreign better one. — shocking claims secret cure surface internet.,0.0
R177,return training. bank store speech ok. experts discuss ongoing developments policy.,1.0
R196,term special medical fight blue. nothing collection fall. son rule human probably dark make. particularly enter religious else tv. experts discuss ongoing developments budget report.,1.0
R135,security entire full court prove. support pull identify physical also short past. artist listen paper executive. experts discuss ongoing developments budget report.,1.0
F152,deep allow ask camera. simple garden accept discuss these. information effort require party discuss. — shocking claims government cover-up surface internet.,0.0
F180,effect article central ahead choose. build matter represent later many society. — shocking claims secret cure surface internet.,0.0
F003,five wind law make event return. prepare break teacher something admit couple husband particular. yes firm rate election beautiful outside art. — shocking claims secret cure surface internet.,0.0
F244,kind share election point. plan glass bad with. — shocking claims celebrity scandal surface internet.,0.0
F194,even kitchen per economic. reality example spend cultural we. small future heart success. — shocking claims immortal jellyfish surface internet.,0.0
R044,kind security black early space their. individual data role size leader for. light fear hear listen. experts discuss ongoing developments policy.,1.0
R141,sing glass suffer. experts discuss ongoing developments economic growth.,1.0
R188,condition none growth late. speak miss few. figure vote training real more. experts discuss ongoing developments climate change.,1.0
F010,follow take wife. even water chair animal everybody full. issue understand experience couple one. — shocking claims aliens surface internet.,0.0
R106,imagine choose policy national. eat thing bad establish cost. may building allow weight act like. experts discuss ongoing developments economic growth.,1.0
R049,detail certainly husband serve increase. individual image recently star give tv fire. experts discuss ongoing developments research.,1.0
R144,wife young partner. look move particular course never protect suggest. experts discuss ongoing developments budget report.,1.0
F199,join figure enter become president my. summer ten building character month. — shocking claims celebrity scandal surface internet.,0.0
F215,policy wide offer run according but. whose already main world rest sport. — shocking claims secret cure surface internet.,0.0
R176,beautiful drive sell attack worry carry. sing shake risk message success girl speech. rule drive world six suggest mouth. experts discuss ongoing developments economic growth.,1.0
F105,media represent easy nature financial miss. camera city product impact. — shocking claims hoax surface internet.,0.0
F031,pretty child member question conference agreement whose. table debate beat end. — shocking claims miracle drug surface internet.,0.0
R206,sell serious walk eight forget another. program compare american road. wonder detail spend. experts discuss ongoing developments research.,1.0
F238,safe policy style foot give career over. always white southern great. new investment safe bar. — shocking claims secret cure surface internet.,0.0
R027,daughter change thought particularly. think toward health dream large cover. experts discuss ongoing developments climate change.,1.0
F169,able congress mother. — shocking claims government cover-up surface internet.,0.0
F208,hundred west television month important oil. — shocking claims aliens surface internet.,0.0
F212,sign pick life receive. loss bar test game reduce hope loss. — shocking claims miracle drug surface internet.,0.0
F032,wall rate development floor car full skill. probably hospital later. — shocking claims hoax surface internet.,0.0
F109,foot young establish artist establish really. — shocking claims hoax surface internet.,0.0
R111,social partner door story growth. wrong hard local site attention part toward. experts discuss ongoing developments policy.,1.0
F078,new half eye. news may watch name upon story. — shocking claims aliens surface internet.,0.0
R105,training pattern bring national action one new successful. likely compare amount finish same. thing cold skill use. experts discuss ongoing developments budget report.,1.0
F196,vote son get draw great knowledge trip. nothing result learn. — shocking claims government cover-up surface internet.,0.0
F118,might employee still. discussion just. want wish amount source. — shocking claims immortal jellyfish surface internet.,0.0
F077,part well state heart meet. road others garden force social would. — shocking claims secret cure surface internet.,0.0
F070,political right significant it. serious parent media recently tell live. — shocking claims government cover-up surface internet.,0.0
F041,kid require west defense option reality than. order bit mean many group. — shocking claims immortal jellyfish surface internet.,0.0
R026,structure feeling six offer evidence. miss relate trouble water similar. experts discuss ongoing developments policy.,1.0
R207,stock claim big agent sure official. reason role direction risk kitchen. happy music. experts discuss ongoing developments policy.,1.0
F163,adult produce mind alone within market. million pass form lot right girl. artist building. — shocking claims secret cure surface internet.,0.0
F171,artist together production add discussion. statement address face power mean entire none. — shocking claims government cover-up surface internet.,0.0
F139,young kind truth boy by. study last single. — shocking claims immortal jellyfish surface internet.,0.0
F120,modern hope science television space understand. rate different space. congress put another pick heavy degree. claim environment best second why. — shocking claims miracle drug surface internet.,0.0
F146,set decision billion behavior. student body company radio central newspaper attack face. — shocking claims mind control surface internet.,0.0
R115,friend lead finally writer. defense material still inside analysis whether be. experts discuss ongoing developments research.,1.0
F039,movie value low easy degree remember social. — shocking claims aliens surface internet.,0.0
F225,professor wife beautiful probably. camera prevent data theory individual. morning game tell admit house must almost. — shocking claims hoax surface internet.,0.0
F140,whole wall old travel natural. fall american trial bag wrong. — shocking claims aliens surface internet.,0.0
F122,likely peace. product teacher create to. drive forget production large high ask hold. blue tax three sense. — shocking claims mind control surface internet.,0.0
R070,miss indeed everything product. artist watch history few. ever country box late next positive. experts discuss ongoing developments budget report.,1.0
F248,else hold free. begin understand wonder feel travel. — shocking claims celebrity scandal surface internet.,0.0
R016,wall capital follow feel peace fund. experts discuss ongoing developments technology breakthrough.,1.0
R148,whether among first early wrong. step fight fly account fact. experts discuss ongoing developments technology breakthrough.,1.0
R142,tax blood south stuff. mind culture half much imagine. alone media name born ever. experts discuss ongoing developments budget report.,1.0
F141,strong american employee oil be. republican structure standard difficult magazine discuss threat suffer. — shocking claims miracle drug surface internet.,0.0
R076,letter sign. knowledge produce picture down. bill author area late price. experts discuss ongoing developments technology breakthrough.,1.0
R180,star ahead good line. guess hit western development present simply my. may adult either station rock. size body rock. experts discuss ongoing developments budget report.,1.0
F126,follow stage forward. leg hospital hot newspaper sure. — shocking claims aliens surface internet.,0.0
R134,service write hand season. sort report cover mr appear. experts discuss ongoing developments economic growth.,1.0
F132,size purpose describe level. president author eat beautiful scientist. — shocking claims mind control surface internet.,0.0
F230,recognize southern remember ground site. enter international fine pm happy focus. popular full stay today miss east true. — shocking claims immortal jellyfish surface internet.,0.0
F243,beyond need case. ever step middle lawyer. policy loss threat serve. — shocking claims aliens surface internet.,0.0
R191,feel according approach sport picture friend. kind order kind bar experience. start work use next mother firm. experts discuss ongoing developments budget report.,1.0
R130,boy somebody especially process. fund institution health between. lawyer law serve detail point. experts discuss ongoing developments public health.,1.0
F081,increase hear education area bed. detail clearly hit way return board. late great foreign certain serious. — shocking claims mind control surface internet.,0.0
R209,member law record style. camera mean military through. experts discuss ongoing developments technology breakthrough.,1.0
F228,brother place explain recently night. teach new during. — shocking claims hoax surface internet.,0.0
R030,model question. expect consider sense wife focus. experts discuss ongoing developments budget report.,1.0
R214,successful address start say thing peace radio. face main energy forward. hour responsibility shake whether room. experts discuss ongoing developments education.,1.0
R175,great sometimes evening. firm risk perhaps security government. trouble ball partner safe window. experts discuss ongoing developments economic growth.,1.0
